-11819490,13407316
7292923,-6573208
-2218922,985630
-6131002,6546489
8742125,-8327412
-1657905,439582
6167780,-7617736
-435853,-964
-11312292,10014151
6900396,-7526881
464030,502580
8033413,-10142637
-2269866,2052398
4481583,-4456581
-5807789,5707522
3911492,-2928928
3944083,-3390992
-16490493,16497279
-9514538,8980905
9826933,-8726474
2216442,-4026726
6491289,-6082272
-3649986,2074683
14573190,-12572888
-810972,647365
-17809025,18186199
6459889,-6809794
2335173,-4243701
-7465668,8677863
5720519,-5666548
-11601396,14874636
13299193,-12155123
9620761,-9522077
1322997,-1725836
4069966,-3951640
5658566,-5670935
6783239,-6334864
-8380012,8876145
11151277,-10982267
5469939,-2524721
-10509178,9636407
-11270104,11142219
-11715849,12238760
4723457,-4042047
5658677,-6002744
-7478136,4644634
-16448002,18117482
7702213,-6473750
-11101006,9843065
-402223,242154
10879033,-9969013
-6626810,8401595
8655382,-8159878
-9150551,9537885
-12004418,11286516
4088624,-4327507
-9414991,7117558
-7693786,9025802
-7765632,9236786
-1662762,379139
1627020,-3091121
-13195535,14040253
-5235724,4535713
-2060390,527155
-5783634,4968145
8111571,-6308216
1783457,-1114993
7876547,-6988741
2970183,-3597924
-10267592,9796229
7514085,-6759727
16618704,-15851920
737646,-1372310
6052297,-5834421
-12276748,9227200
-10887219,10273935
-10506545,11967225
-3687329,4086884
-12956276,13670823
7574250,-6560488
-3306401,3127348
-11840347,11698852
4938699,-2266547
7574251,-8092841
7021427,-6281879
-4857376,7659789
-2474944,3940846
-8439734,6934616
1098343,19615
-4830429,5701473
7513163,-6348697
-9635674,6034864
-9571893,8850263
11964,-631167
-9631504,7613720
-6351277,4224507
-12222359,11199959
-12709734,13761920
8887594,-9106527
-307020,-566936
10683834,-7979481
-8048512,7688637
-2194171,3715948
7208432,-8507536
-9275033,9236479
-5866081,4999962
3906420,-3219916
-12355109,12218908
5456537,-3713884
439459,-952063
1598708,-2102285
-369813,1470542
-5963865,4315558
1116207,-441748
-3351019,2640931
2090523,-2547201
6207072,-4131967
-9009571,8749566
-11034829,11313425
7775253,-6715210
4238225,-6156279
2905693,-2763123
-6818434,6838034
1319222,-809475
4270985,-3860920
7493837,-8233279
-259324,-781069
-9637191,10184327
-11780731,13822113
5195681,-6588549
-17955340,18475447
2008201,-2695059
4494083,-4126111
6034225,-3502525
8121504,-8273107
7809024,-6624522
-15501091,15049532
1352855,-3901897
-1857881,4143553
3599680,-2129050
5626940,-5918811
-11028922,13177694
6889053,-7783632
4479203,-3909308
2599059,-2301802
-10603031,11439797
6234260,-3886727
-1076414,2162835
1341694,-2342727
-7766681,8162593
7958956,-7748080
-13274303,13726198
4394521,-4878714
-15103465,15739271
-13064945,11953884
5703390,-5257696
-14113201,15578867
-3472240,3825669
5132227,-7365620
3945122,-5817257
8499390,-7604562
374683,-1192052
4747492,-4537534
2669432,-3564508
-10944958,12364323
6653862,-7181744
-5099387,3325155
6793081,-6782540
9660422,-7096662
-9397268,10594060
-9225780,9563302
-10055251,9836140
-13371878,12592125
137604,60946
1959471,-2116100
9948635,-9511584
2499053,-3767603
17239102,-15263381
-9656978,9280048
-8382690,7926215
13011868,-11754751
-11601340,11245300
11144843,-10655983
-9944306,10704737
-8398880,6769997
8979011,-8040818
-15814540,15543791
3101578,-3781987
7052406,-8650079
-4852942,5930335
4203126,-4457777
4396044,-4377933
-13552397,13209550
-11094889,9677326
-19489574,19622634
14134239,-11659317
3349144,-4545321
-2486509,1026134
15636019,-12779737
-1148275,392096
-4206476,3037348
-2348929,2143667
10039680,-9286490
7835886,-7379676
8975283,-8342019
-17310041,16691178
-7649571,6010471
8567387,-5511965
4315747,-4293637
1083263,-3535051
10996298,-10447977
-13304778,15177720
3543052,-4804301
12556700,-10661689
-14188370,14744879
4400449,-4073312
-6498797,7065453
5681054,-4038794
3778197,-6131174
175659,-12113
4118587,-3785697
4762424,-2787017
-8331771,7006889
-6343960,3636611
8612559,-7612562
-5817391,5508640
-1364259,622344
-11157149,12246299
9987585,-9547580
-2026158,2687553
8928605,-6638325
-6570546,5507414
-12520102,12227244
8264858,-7077623
8726612,-8959788
-11126286,10494594
2628074,-769150
1931111,-3575187
-1234952,-184206
258454,244446
6284425,-5057641
369653,-3104512
8083037,-5956612
5393373,-5979265
-17153947,15899602
-5045271,5053157
9070855,-8218333
3876968,-3961051
-2950763,2057618
11556774,-10253322
-9275836,7388791
-5158295,4661026
6345592,-7871971
8085801,-7882781
-946882,1022695
8355271,-9213199
2824316,-3043459
9467582,-8768133
7277667,-6047524
-18997530,19230878
13569928,-12155618
-6701535,4424049
-3650992,982746
1232710,-1007916
-58256,-608966
5664290,-3768253
9063528,-8060390
-12949348,13847607
-525633,597952
-7873560,8700862
4719476,-3357890
14317434,-12765038
-5217900,4975408
-10393727,9562699
-5044009,3188988
10607280,-10235485
-8948327,11266587
-3648323,3557902
6450837,-6600442
13077893,-12350375
-2304494,2157118
-7637953,7306910
13476290,-10881090
2398383,-845389
-4832877,4301421
6616717,-7457903
2624288,-941794
4707337,-6160887
-8813440,7733440
-12419800,13120505
1129342,24688
-1417311,2625150
7746101,-6470524
6463534,-8165293
11028706,-9733715
-5642786,6117558
606592,-2253914
6799009,-5233251
4287120,-3925470
-2121659,1036718
-16353674,16060514
-9422820,8756705
14761731,-12384022
-7920174,7888634
-3131372,354090
-588998,-1577191
-2687376,4039925
13930529,-11271062
-2240415,1536788
-7558349,9103469
7373065,-8509477
-166295,-780748
-6371899,6728968
10779710,-7627870
9135529,-7601389
10325337,-9564873
6978911,-7257223
-5838664,5642626
-12430774,11340146
-13940205,14543933
7241911,-7544118
-6032233,7291711
9241653,-9502524
-1879579,904707
-5083716,3348787
4399831,-3977980
10213846,-9338479
-10610451,10882845
-5545722,5227194
4908336,-4231122
9823552,-8439477
12679986,-10528824
4568563,-5818253
-7973592,8286127
5684675,-8427926
533549,-636330
956223,-205221
-990423,1704755
-2218005,1061039
11106202,-9845622
-8707184,8748024
-17243215,16741684
-12739665,12772308
-10354539,11380739
-11367887,10984694
-771077,1148148
-4752969,4059533
12497333,-10879361
-1925582,-51062
826614,-2576136
-6443010,8306933
-4269481,3530136
2307242,-3756595
15769752,-15235432
4246096,-3876685
8150672,-6704850
1931729,-2455810
12645988,-10880389
-8514094,10157636
6798093,-6657361
-7227483,7332604
276824,78762
5530845,-4695703
-16294023,15555369
-5448789,4579221
-2127362,1884544
6733072,-5879124
-11916046,10497531
-10540743,10859011
2494100,-3049149
6752173,-6003465
3755120,-3940970
936339,-655430
-5691487,5898930
-5896251,8186169
-9401820,8730303
-4617065,4359408
-12377633,11777039
8430411,-7820128
-10818792,9375300
-7527568,7498477
-3044446,2147776
8161502,-8214290
-13901477,12549819
12469301,-11345477
-4650566,4675739
-10157347,10593106
-518801,130624
9271450,-8415609
10502905,-10410828
-16578926,16133302
-19487476,20094037
3196017,-3214815
15179964,-12174102
-16898592,17670902
-7013487,7087191
477166,-4225965
6077313,-6524462
6078728,-5360941
-9952722,10882796
-2575446,1598594
1502158,39880
-4535901,4349477
4146844,-2097719
5174571,-5304863
-8982603,9112899
-5196679,7054534
2413617,-1081574
-14680942,13136894
-6588153,7415377
8014908,-8460588
3949461,-5299366
2396352,-2707450
1571407,-1360059
-7035243,8211474
-10094384,9513763
-3778260,3219602
1237600,-1866510
4845649,-3161840
-3755274,1458424
15498188,-13623537
4325281,-4058764
-3882142,4725548
-8293161,10210712
-11763381,12234073
3301905,-3263596
7745481,-7115008
6070327,-4303350
8100318,-7449913
993215,-1304513
9268014,-6452068
-10508537,11138192
-10914672,10872340
-12159522,14244458
-7845599,7973993
1778355,-2620661
-1200320,-251907
-7061711,6807055
-5235092,4498814
-8146015,7285006
-9074277,11909047
3540771,-5186888
-5951339,6443631
2304623,-2908464
882794,-549642
-6436220,7510251
-1098408,44610
-4175905,6392031
5235959,-4647487
2655779,-2908698
-2592415,2822586
3213488,-3327777
-15870518,15298905
370193,-161260
-9792040,10392865
-6405337,4584060
-4874658,6804712
-3136740,2646421
7550814,-6520996
5659770,-4539732
1317067,-2295017
-11342943,12268251
5588325,-4815179
-449419,-42645
8103689,-8461896
-10037523,10487930
-1604548,-86117
-8639795,9057241
-11963085,15059716
-2378595,2086041
-1140657,201788
13988175,-11973743
8551717,-7485512
4261830,-3356887
-12191189,14430865
-3465327,2000119
-13815064,14545068
-5527804,8015776
5773585,-5599522
-7747140,6606280
-2675058,1429363
10356017,-9015734
3064377,-2946655
5387325,-7178761
-7353452,7744466
-8909988,8756838
-8611116,6391302
-11817918,12134480
-6080876,4861243
-6089322,7394460
-7130264,9052031
9501250,-10283674
-15528906,15329940
-15470835,16714288
-11033374,10526092
12123272,-10017064
-11977207,11291613
-916969,343010
4977209,-3124664
-7684476,6993107
9578241,-10929461
6527618,-4958096
-2631172,5106548
4895796,-5227399
3157004,-2977463
-17621489,15689984
224045,994021
3607919,-3635199
-3128648,3970495
4983280,-4513610
-3733634,2818108
-8450294,8764350
-7507465,7511278
2434768,-4965902
-79733,418596
-440808,122910
3386429,-3428826
9032336,-7788788
11894967,-11077307
8740369,-9052812
-4827786,4605644
-13521690,14147008
-343298,852453
-9749807,8148349
2441245,-2996734
557145,704957
7092744,-7721123
-1245279,1350163
1336776,-2496482
9027260,-8042804
1433974,-202073
-13540349,12989199
-5385587,5535671
7778345,-7619059
-4353775,3348704
589106,129806
-7346512,9096043
2232711,-2746844
1787049,-2546117
-11917090,12918370
-1519010,1912436
-3676513,6040439
-2712469,1584131
9358830,-7668231
-7859196,7734701
-95837,-199603
7830570,-8531423
8911301,-8833407
1138145,-1778097
10975125,-9692706
685816,-7611
3418618,-1139468
-14799538,15980754
-9464097,10867812
5979825,-4153111
-8670238,7888099
8081989,-7480899
538317,-1194786
-9259995,10055668
-6454519,5464986
119771,-1788292
-8166961,8841262
4947389,-1974635
3333844,-2781412
5719758,-5470916
7220586,-4578713
-5791422,5080873
-1846502,2612922
3986195,-4540642
-12383191,11410173
4993390,-3273538
-3896978,3823986
-13209045,13151855
-13529227,13572609
1479698,-1462886
-482004,-1607451
4461362,-3176772
-7293657,7963517
-589471,909796
-140166,410034
-13251147,13073515
5575602,-5116159
7089225,-5061939
-3724521,5584681
-12325350,14409962
7106963,-6674657
8659955,-7295166
12330786,-11099142
906529,-3203847
-2029147,1726004
12037020,-12374101
2752536,-2346729
2977539,-3362452
-1186808,1946550
5915985,-4955508
3498343,-1378843
-880602,388965
5366653,-8109892
2321064,-684007
3762869,-3539376
8312251,-5975672
-4693618,3763400
2931405,-3481132
-452157,2482865
-7893865,9644208
1505955,-1720295
-8471337,7998615
10822367,-9253383
13809672,-11345744
-5227048,4336963
4292570,-4519743
-16075672,17055707
324726,-1764563
-9789929,8496014
8520219,-9246496
10107070,-9246698
7978535,-5743305
-2691976,4454078
-430953,249529
8522965,-7917718
5289211,-5522573
-3094641,3393980
-5610464,8441715
5216329,-4658965
-8068160,8278588
5318664,-4945708
4206972,-5110217
-8714819,9235464
-7076748,8197764
834259,-1100401
-7113626,3989944
-10726496,13214863
11120072,-10660630
9096998,-7498467
2078173,-2361344
2093767,-2073818
810415,-233141
6529705,-7888656
6810638,-7864607
-2410666,3784911
-1391496,2353699
-12464943,15505095
4315876,-3559993
-7410095,6898450
3373346,-4010003
649174,-1438792
-13779000,13881668
-3595687,3964415
8778881,-10304717
292486,564308
-1732780,-33372
3194340,-2859748
12470630,-10429490
9283079,-8239065
-3271811,3439415
13736171,-12216312
3343266,-2627763
1896118,-3112923
15041989,-13361753
-13373967,12936132
-10737273,10124730
-7394001,6904332
4009793,-3176389
-6355848,5578851
10324063,-9878895
-10506615,11880706
-7565689,8158872
-6815553,7529788
12666272,-11373424
8644824,-8054083
-4800805,5219225
-4662390,3312611
-10552440,10913251
-11679742,11253902
6089640,-5746731
35967,3766796
8840172,-7766829
4971204,-5565809
-14024675,13826129
-13305382,13027093
-4625689,5420513
-5573886,4973826
-10079471,10172641
-14037528,15035080
-1973103,-178255
-6812829,8324607
662223,-2407750
-11637011,12281232
-14830725,15183840
3254430,-4302484
12472137,-9722411
11919051,-10068964
-2681263,1973292
1996722,-2817389
-7028201,5808289
5406469,-6032139
7830922,-6945088
11086985,-9966129
2765029,-2560786
-11746910,12555943
857414,-2084782
3281165,-2954659
-2089984,255546
2309896,-1503826
1095061,-1298285
6551335,-6665007
4519352,-4214706
8004258,-5961282
-8699308,6650735
-11666963,12297359
7863162,-7769001
3670105,-4488734
3239803,-2356584
522263,-946040
7084346,-4983348
8658344,-7009231
7411088,-7410354
11587060,-9057594
-9369354,11623645
-11178981,13291258
7885214,-7712291
9353541,-8156480
-10652681,9089077
10308907,-10475356
3131592,-2765462
5026022,-3787544
-3142459,2541215
4346984,-4569965
-6166864,4747979
3952655,-4036503
4839428,-4769169
-11718822,11488648
-7004442,8015255
4398579,-4331644
4291096,-3709109
7652163,-6940168
6444921,-6130351
-11424854,12967925
6857928,-6617995
2084791,-2321561
4135947,-3961691
-12864271,12483909
7082403,-5328597
-9398357,10966982
9189093,-9897890
7880085,-8659392
-5259261,6701487
-10062258,12135371
-2274655,1359451
14407673,-12633280
-10868623,11238332
-9877099,10475756
2345555,-1829315
1532355,-2521353
4713881,-3398253
8156812,-8675538
5770067,-6273327
5709384,-4285219
6917790,-5102887
-11142795,11686034
9802399,-8666235
-13449900,13405259
2982024,-2596027
7029176,-7843369
6796864,-7753275
-9473818,11644054
-1909625,3306965
-4442958,3734726
2238020,-1208876
2325073,-2026991
-4964872,4685891
5865010,-6647872
-158554,1236697
10702141,-9616715
1844033,-1120648
9844246,-9147814
7954156,-7964343
5524685,-5140167
-2638776,3194400
-5985365,7417792
-2108011,2737699
-15622583,16258425
-17910237,19547981
-13421347,13288208
6717641,-6714760
1474920,-1436580
-8933418,9083236
9129355,-8386812
-9299158,10498371
5137173,-4027618
846860,235535
-9746171,10650913
-113561,-288493
-11734375,11280886
4007143,-4632038
-16559528,15410013
-9324866,8834769
-64618,-2046519
-5830996,7511124
-4299622,4371898
2342081,-2040910
-10317080,10263292
-4293411,4533941
-4602597,3082943
-11954152,11407626
6601872,-6636752
2452194,-3305068
5225980,-5555479
-8979849,8727390
-7008291,7722827
-5490529,4319108
7391787,-5304212
-14276665,15082779
10521613,-8786339
-208134,-753969
-3808326,2956384
8464167,-7986596
9105276,-7010628
-13276831,11689636
-2806105,2295173
-7348639,8297779
5371257,-4628990
-13228971,11764629
7452792,-6748283
524211,-1429564
-6633844,3375701
6701307,-5980422
-11548933,11598084
5506098,-5531402
-7627815,8540132
-13686296,15490004
-10968710,12559785
-8785723,8335746
-9287336,10552228
-8544780,7632569
4720689,-3758852
-15993512,16154367
-895259,1072632
-10558210,11085698
-8524461,10447628
-11966895,12491562
9137345,-9289725
-12301863,11744388
1585330,-1023247
7754213,-8876491
60456,693575
2868566,-1572037
-13997779,16403089
612877,1386133
-12120915,10217777
4418618,-3728063
3379128,-2518707
9402526,-8625265
4569033,-5098181
-1690317,1162040
5756492,-5331032
6253900,-4932941
6573132,-5935319
-17802525,19330390
-3902299,4082162
6376438,-4942749
7863256,-8600304
1705721,-1387925
3838791,-6450619
7592486,-7414971
4721551,-5386803
2745169,-3896477
-735931,-94884
12965967,-11050949
4260062,-3823691
-1470696,651118
2643189,-2675463
-4556868,4890053
7262805,-6018332
-7726758,9299435
-15172343,16712599
-1505655,246701
5386649,-4907594
-4183526,6426621
-500311,340767
-4964772,5014793
8649949,-9436091
5192735,-4518854
-9504597,8741172
-10641222,9535188
6020490,-6484623
7698550,-6346473
-6564995,4768541
-10293871,11086783
-10312968,11636303
1512955,-2163895
-9125326,10211820
-5940918,6826309
-382129,1032584
-11538629,11304871
-4458153,3940870
-3740719,2733506
-3744835,3136301
5740870,-5710242
-12181518,12562629
7937057,-5606795
7981864,-8411191
16595373,-15985620
-1572675,3920757
-16495480,17185787
-613465,2562051
-3014639,3124894
13160286,-11423298
7174379,-2937397
7137691,-6685788
5603768,-5908050
-4147834,1921921
-17115463,17587117
-4124266,3412571
-6747103,8473252
-12436548,13781093
8785025,-9672206
-14357798,13522271
1188733,-2547325
8302784,-5474427
479257,-736994
-11454712,11383708
6171186,-5622324
6666133,-4949820
-944727,1139596
-8420056,10551313
-504668,397350
-5681893,4784386
-1659398,1698211
6763605,-7358730
-1977832,2550620
-8515488,7925641
-5448438,3170842
-12979811,12605364
-5365034,5246694
7967439,-7410012
11471267,-9831988
6801561,-6367062
15269638,-15215103
3250514,-3429254
-7995768,7237453
3757068,-4623783
778948,-3890194
3641900,-3379977
1504340,-65899
6259600,-6694532
-7619485,6024712
1948737,-1708160
3123241,-3636048
8017866,-5643267
1299850,-1645789
-11091926,9838539
5277003,-4091926
-1706622,2465019
-16089718,15820770
-3709755,2429834
-3212902,2847265
-6264786,8434951
2206108,-2584671
-13989460,13086567
2733679,-2137789
-1042546,2278839
-14107732,15594645
8916479,-7732156
2795375,-5049750
5900023,-4115201
5013798,-3311998
10549207,-6709920
-10815103,12468069
-990519,1079074
-3819155,2499015
5154260,-5125180
11709412,-9742983
4325967,-3218173
-6118268,7574229
1831424,-1978518
-3304107,4480270
12071326,-10906316
8157413,-7927106
-6062815,3276318
-3649259,2302181
6596851,-7233035
-7958187,6528661
9094536,-7894299
721719,-964434
-7448658,7254780
-6291736,7837975
8296123,-7825452
6515131,-4517471
3894822,-4087597
-7334417,6755314
-1392517,210564
4980652,-6248026
4769422,-4238708
8013836,-5765648
-428362,1121640
9143891,-8546593
13639840,-12952417
7102984,-7610026
1732135,-3083106
-5134902,4549956
5289824,-4942770
-13755161,12606138
412455,45609
-6576116,7539562
1645891,-2768148
-14406505,15052503
-2004114,1036399
-3873,-84196
-11689237,12353182
-11077201,12626890
10024979,-10034210
10512755,-8800815
-10272153,10433845
-16059543,16196883
-8643121,7391309
11778021,-10599890
1891073,-1734704
4931901,-4578179
731807,-2444131
-10530283,10758983
-6962915,7035105
28179,-2736876
5306992,-4174677
12451060,-11871193
1525167,-2708274
-1819700,480748
4399057,-4521458
645447,-1094418
151525,-119935
-10409465,12026105
-123836,-1834277
-18082410,17228941
5584741,-5917149
-7571654,7158952
12121674,-11318487
-1776044,3102004
3834081,-3224290
5356638,-4740845
10755250,-10305530
-6954879,8038624
-4430559,4508271
-4977909,3703054
1748821,-2109434
543425,-59746
-8174037,7486122
5273112,-5301492
11618219,-10461951
6016113,-7545803
-8412043,8778899
-4563846,-112834
10030307,-9278557
-12471949,13360525
-4775621,3393957
2120457,78575
-15006461,15063965
4639893,-4423394
-12316689,12477236
-10118298,9569862
6572915,-7248159
852780,-1892821
4947476,-4743142
2340596,-2369382
-15773575,16365905
1246737,106064
-2859675,906141
-7523972,7434509
-8004851,10200628
-10845021,10998520
1597773,-1082606
2852462,-4098687
3288770,-2066481
6606857,-6791935
2545180,-3678501
4570544,-5370268
3171792,-2592521
4544878,-3950527
3534136,-2716734
-8640797,7610596
-4461839,3108539
-2556231,303372
7067644,-6419655
9058884,-8496745
-16970113,16132585
-16655980,19025040
-12906566,15344062
-17538743,19190649
-7820965,7418091
-8877974,7283979
6381455,-5689588
436749,281513
4293848,-4140303
-15261420,16355050
-2707948,4776414
-75882,-479561
3721918,-3702282
-10481666,8518098
7870641,-7313759
-9724425,10270113
-2837405,3533397
-8444649,9877061
-2695348,1835701
-12085659,11472116
3158116,-3639310
-7436235,6323173
7574480,-5985370
-3183740,2318601
-8422186,8562612
-9917214,10989984
370518,-549870
6647881,-6817610
1515268,-2532590
16751937,-16319671
-2422605,1049512
3039633,-1294042
10363387,-9883740
2070964,-510507
8279754,-7850802
-16220486,16465396
-7077653,7340053
-4721706,3762570
5458055,-3957961
8063421,-6292860
-3362445,3435066
-9327290,7916167
3422379,-2668961
-1365061,828332
6508989,-5925685
-3230582,4333458
-1484677,1841460
-13133698,13730313
-5633617,7675772
-15286257,16655956
59613,1681713
2759715,-2709405
1902349,-4283883
5933619,-7914135
-12606922,12825333
-7782423,9219869
-3159136,2677839
-4717699,6692546
-1445140,4174786
4563663,-4959831
5400700,-5844127
-4195083,4825857
-4947380,3102373
-12901833,14509783
8500692,-7986073
-15979282,17288592
538486,540847
8481393,-8141514
6464028,-2793001
4908478,-5250034
7476601,-6187796
2091799,-632047
1651363,-3125466
2033457,-2053690
8693365,-8766598
2942084,-3212026
-6925322,6133835
2978285,-1749731
13553578,-10855821
-6364551,7396915
-15314266,15951936
5457507,-5600413
-5754951,6827431
-5299981,5074606
-12355117,11583078
-10898320,11824024
-361679,1658846
1083199,83817
5184954,-5239404
-15682472,16220453
-10637073,11291259
9613048,-9847547
-9900781,9690796
-12935010,12049961
-5722375,5011060
-7220319,5494835
-4123187,2030492
6866813,-6371510
-9238728,9292835
-11938466,12489329
-5292309,3650670
2408065,-315833
3630969,-4879219
13689184,-12595943
10211737,-9953177
1518703,-1730771
-2625058,1145572
-2148126,4375088
-3081693,4033008
4265051,-4424652
-5484754,4222451
3576502,-3397298
-5708831,4156270
-11443612,11427012
-15462852,15990492
5876704,-4596830
-3592891,1706077
-17337395,16279796
-6092767,4980518
-2001102,1935640
2441442,-3698135
8933809,-6991675
-7466875,6377221
7053672,-6766475
8544472,-6216205
1854791,-1282374
7058590,-5670401
-7694671,9041802
9891925,-9759146
3108335,-2925483
-4613413,7638960
3680091,-3606514
-2107360,1483005
15115712,-12970074
-10595835,12692661
5482045,-5282757
2327100,-1448685
10251964,-10013700
-2157816,2017704
7395851,-7103886
-5838748,6151015
-17179901,15848579
-6365938,6012268
-10414401,9353296
5805555,-5545429
-8822123,8598424
16532950,-14760103
-7818857,8001506
9289660,-8178210
6804545,-4006929
5330355,-7196536
-4545241,4114679
-2660004,3309545
2701338,-2481023
818734,-1042553
-5393815,6869028
-228829,805446
11327792,-9929861
1157304,-1911969
3896883,-4700042
-10756117,11177440
-14107154,13633560
-14147826,11453676
-10923540,13223215
118538,839689
-6390520,6266625
-8456246,8504016
1636375,378978
5488717,-2837941
4614831,-4414852
7299699,-6887396
7980545,-8173845
-6793952,5285564
-3529007,2144116
8526223,-8042312
1414111,-887601
7495606,-7489181
-4198390,2850891
11270805,-8882964
5137236,-4260513
-4379702,5775955
-4178517,5184083
-1905084,2203370
-3412114,3165854
6195702,-5782825
-2002666,2312674
4177895,-2705786
5143860,-3818274
-196745,-1390267
-10377110,10383734
-1003279,-301781
11879216,-10757744
12457618,-10246200
-67491,-1678875
2848953,-3198353
12052936,-11895534
6798723,-5876134
8392027,-8898146
-10134401,8977657
-14570306,14160509
-3948535,3163040
-13980587,13015258
13395315,-11700037
-7652688,6152541
-4957313,4440166
-6731,254534
-9317297,7299595
3545160,-2734502
-5288768,6422041
-5161214,5523918
10750779,-9413267
1634092,-2505152
-10301714,11316562
3030143,-2902481
-19125355,17598064
3670664,-3724993
4450137,-4409609
-18914476,18549920
628161,387035
4536006,-2991997
4954907,-5381896
-5272858,5076471
-13184449,13550224
-9748626,9115463
6491304,-6805316
10598497,-9370547
12140579,-11186345
-1874068,3344916
-3333799,3644159
5974841,-6135017
9801204,-8097693
-12378609,12570906
11254220,-10187534
13855354,-11781430
-13892042,12198812
5939336,-6281756
2452911,-3401998
8009697,-5739650
8377231,-7938221
-3320420,3752374
-14086447,16285658
12309743,-10751111
6943921,-7582042
-6655656,6772859
-5730471,7251540
6045450,-4802122
-18612237,16755298
8784840,-7187634
4506397,-5962395
3731110,-3828936
-11351426,11106554
-6611792,8132507
-12533901,11552078
-4727186,4433338
-1123176,1426691
3998313,-3155191
-1119782,537779
-202389,-1250911
-7315702,5420357
-11280306,11336891
1440467,-800284
7174274,-7388248
-3800216,3445721
-13781911,12918200
2184187,-2907756
-11734673,12477501
-14394372,15283623
17058495,-15085988
5373900,-5530685
-10995294,9853974
1848136,-569035
-3782263,3117190
-11899827,12746992
-9108735,10339688
-1881977,-769773
5770297,-6109366
-2247051,5528540
-6292954,4406613
-5192483,7052038
-5987942,4269987
7533932,-6147093
5014826,-4638650
-1989441,2060912
6523279,-3060916
3253390,-3840650
-9483697,8428919
4907121,-3845014
-15967215,15585533
-4038001,3188736
190348,591850
5181866,-4972426
9764805,-9110814
781940,-343446
4799719,-4963750
-13623201,15981597
7217446,-6244230
10559012,-9980292
-14533132,14208119
6347204,-7294556
2996960,-3209639
11172877,-10748398
-8034620,7816585
-17260321,16641677
9534593,-6211339
551814,-993076
-5763254,5509374
7835615,-6809855
6937270,-5973852
-13477470,12257929
-11904050,14879532
1133506,-188765
-718510,424143
-549059,1331188
9851020,-8994444
6102958,-5771298
-16666445,17039126
-9707772,10053657
3455621,-1978074
-4813364,5506353
-11668551,10052442
-1959814,2592984
726491,-110639
113591,-651253
6587852,-6591147
698064,-1972131
4364830,-5023009
-12823901,14219370
7411422,-7344763
4929030,-4476249
7826081,-7256997
-5228911,3470369
-15027608,13947462
-3648026,2146319
6201443,-5851841
-2227411,1585315
-15436414,13471094
2184527,-885131
4551740,-3745390
5039252,-3246030
3315936,-3678836
-12078582,10994865
-7477106,7401063
12549342,-11702898
-1736110,2049703
-2386687,2687335
4492886,-4946094
-12949874,13844745
4609692,-4235656
3247754,-2783936
-7366849,9818496
-5297279,4730330
-1794630,1382444
-4207239,4201731
-5657675,5363856
-1904891,294434
3354073,-3035026
16464455,-15789314
8533127,-9539536
-14590126,14113845
4971063,-3211201
-6395637,7592479
-14663079,14610959
6965659,-7602051
-9340713,8877698
-1964727,2099548
-7275959,6071586
-4432527,4141456
-1199038,498472
7753630,-7121118
-7593555,4433686
-949558,858305
-13422491,12608791
-9609865,8368448
4298083,-4100201
-7651029,9106459
8220488,-7142287
-10951656,11028406
11475432,-11531597
-3613232,3967816
-2888407,4127589
7857109,-7915515
8916736,-8186452
10137338,-11992366
-3467511,1572959
4185201,-3172018
972973,-131328
-14897045,16509875
-31760,2035814
-3721876,3196111
-12249568,12890765
3571584,-2416789
5961492,-6438332
-2124101,2567826
2263396,-1541841
8236024,-7083551
-160405,-102674
11026917,-9591528
780190,900326
-11688791,13130680
8507059,-8051378
6988915,-6402843
5633433,-5449944
6001746,-6473625
-4043808,2670028
-18258791,17902241
6255792,-6272412
-13136214,13552166
-12754337,11718046
-7030056,6522644
7170805,-5533530
4763969,-3321487
-4229874,5679311
-1145185,2666587
-6316279,7884371
4314647,-3861997
2655842,-2361810
-14618482,13142976
-1832713,2771528
-10764919,11761179
8602507,-6530072
-4434132,3150144
1150616,-1709112
-9249941,9526819
2061945,-2125544
-1082918,-142176
-3415258,3726086
-13800570,15188484
5909989,-6448200
-13209850,13180595
-4872178,5005839
-3159205,4269233
-5071614,3236247
-6761511,7704662
-6115118,7808741
-396643,401670
10224162,-9525558
7949887,-7450471
10364022,-9071966
1777729,-3207027
-14612790,14226701
-11935605,10280968
-10442784,10856475
-12644207,14940928
7235984,-7063861
6557421,-5272041
-15962860,15590654
-5866590,5008438
7238671,-7363309
-14878631,14439108
-15514870,15992979
800453,-3701445
8105678,-7053204
8387548,-7365097
-8537191,7943131
-3672272,3557647
-15748391,14721372
6854995,-8222971
962733,-1463508
-7263504,6327283
11520595,-11898037
5920361,-4709462
-8212739,8341971
3743892,-3307196
6710602,-6080412
1944004,-2953301
-11373456,11387232
2624025,-3385225
5416481,-6191392
-15576416,16082824
-2402585,2274504
1965852,-2023051
-10218372,11083689
-12484018,13512639
7465411,-5813037
11515686,-11001029
4335526,-4395866
3935193,-3989635
-6113375,7379638
-11474522,13602504
-3470681,2673262
-9731925,10050497
12641662,-10303508
-2773572,5442961
2723700,-3179056
1825627,-2390874
8461157,-6980900
-4270450,4467047
-3062593,3830689
1114083,-1187828
764714,-31753
2457318,-4263429
11171962,-10358689
-3684477,4475373
5079274,-5648338
-10416077,11888935
8363324,-6704421
6778640,-5369551
-5573596,5450818
10662240,-8745999
9356597,-10872539
-9527586,9163414
-4225673,3715248
-19623808,22061484
-9011,-1086411
-11323897,13766399
9420614,-7698536
2787911,-2520469
9142653,-9031836
5364844,-4384658
-10490871,9929189
926450,-807856
-2036567,2795548
-1879432,2730690
-10799844,11273244
-8941028,6346392
-6222512,7015449
3646100,-2793919
6792196,-6163969
-14618079,15619653
-5996879,7500003
-5192438,3059789
-2315306,2975373
2380682,-2426043
5044588,-5909101
9383153,-9565311
11319417,-9503347
2330012,-3996413
-11344341,10130274
-5938469,6219289
-12305107,11911135
-3967407,4289638
-18466896,16621397
-6781595,6928325
3397806,164623
-1616001,1645038
5627218,-5962259
-1408174,605572
9853083,-7980893
-107811,-899257
-5447837,3877411
1958335,-2266321
-11254802,12248065
-1191592,-996636
-14465619,13662598
9356856,-10301192
-14145918,14995312
4268053,-4264064
-7671217,7657205
651770,579903
-4941989,2010855
4098341,-4462724
1787622,-1983272
4505086,-3345242
-6952035,7628319
9274791,-8998044
3468435,-2545518
-5125301,4977666
8223689,-4639846
-1371313,393950
3700228,-3075040
-4577029,4904977
5157717,-8218163
5079110,-5171612
2033272,-3335484
-7350589,7846677
3271074,-2614831
16565476,-16609140
-14368564,15780124
-4995039,3847718
-848675,1492452
-6412975,4505764
5133557,-5589748
-15560579,15980345
5608985,-4527829
-2667560,3270768
-5069541,3961514
-2899944,2712880
7396455,-6665858
11064984,-9705105
-1395579,591986
-12943787,12502935
8982237,-8533495
7902447,-8591391
-4978765,2772998
2610956,-3403659
-3367556,1686126
9314190,-7561731
-12571458,12916900
-10849938,8666622
-3304993,4703113
2729312,-1168742
2476475,-1256344
459021,-2308362
-10213953,11264236
1689374,-849252
5508630,-7125487
-6678594,5529060
-10017120,9510107
5588040,-3844564
1326882,-2693780
-10567431,10246368
-3645882,3530567
17965918,-14981643
-7682590,7365241
-6904819,7274354
4186385,-3004698
-13123465,11122981
5093228,-6505456
-9933105,8580989
-11947697,10790448
-11138768,11739293
13120302,-11621930
-11986446,9390960
4001546,-1440339
-8362562,10264256
7526526,-7418816
-13165377,14853021
-11761273,12402051
-5786656,7280729
277200,-324244
-12656164,12542862
-4225304,5032912
-5734119,7153815
7252677,-5232794
5236832,-5043121
7591667,-8622173
3661530,-3610231
6152044,-6278334
4615336,-5217927
-11071624,11534913
-3367928,4888231
-7311633,8053760
-10086890,10732099
1247280,-768576
-3313038,2736723
-7304248,9088646
-4043487,4797666
6362545,-6655663
-7783794,6668825
8906184,-7854279
9676368,-7448134
1459152,-1006647
5020725,-6072491
-1741254,1672287
507779,-52290
-5037181,2070648
-10910786,10943696
-5651690,4070585
1782439,-812212
-6186247,7480914
10739976,-8077323
-17799659,17286018
8784187,-8657299
8146573,-8975316
-11447850,12692376
6255758,-6611941
-18031335,18449809
-1239488,94872
6768492,-7093259
-10933944,9192384
-14777814,15814230
2156390,856924
-17321021,17219407
-8027018,10190584
-6063671,5380833
9349965,-8067955
-5125100,5631032
-10178316,8921346
8285512,-7710796
6835256,-5621754
6639834,-6165144
5784005,-7638970
1537035,-1719452
6593268,-5671008
-3752943,4899970
3454885,-3685729
9157957,-8425203
10724868,-9689111
5553652,-4025693
1268989,-1730315
-9723625,10178502
5226407,-4836251
3837569,-2541278
-14173349,13333667
-5512414,4570297
-6291057,6486435
15022576,-13143480
-13379237,13552564
9702847,-12192264
-416284,-1635603
-1536958,1955897
-11712509,11118844
-10650017,12337351
8694609,-7579743
-8370855,7656490
-5248634,6506180
-3231986,3732254
-14939872,14507029
-810191,1773245
55858,-1780085
269127,-2215977
9062132,-8114749
-13959310,13599242
-3710320,2560138
-10910516,11123875
-12881065,13609220
8055243,-7359155
-8820065,7245808
5962225,-5484215
11623031,-12849369
2924310,-1312385
-7942525,8028560
7733252,-7779058
9955770,-10370343
1608163,-1244032
-10948844,9846269
-448112,-352826
4948011,-6066514
17785514,-15253659
-101343,508480
-4136954,1695493
-11898765,12599813
-841632,506477
-9535645,10341365
10248029,-9917535
6877079,-8476025
10666212,-9229069
857564,-1337159
-2341745,1396567
-3861638,2263276
978905,-339182
6913061,-6855730
5960109,-6295129
2900348,-1564500
-6495681,6337235
1302710,-2707470
2376212,-1349936
716881,-1850451
-7252126,7314938
5423984,-3846605
3024189,-3532856
-16758545,17510422
-867381,1840798
8037321,-7253035
8166952,-6971349
12222708,-11516443
-422514,748995
1708851,-3120813
5326592,-4526975
-13044626,12936458
-683558,-3049805
10849375,-8679084
-3962617,3043073
-9193789,10152903
-2387563,1561632
73535,-866492
-12336967,13416262
2518545,-1478436
12974414,-12086928
-10283941,7951669
-10195115,11841106
3458155,-3001908
-7692397,8291967
-11249302,10533954
-5869460,5860908
-9934435,8282398
-10624311,11932060
-10067741,12027316
1441961,-1662326
6283885,-4472236
-13318079,14294530
-10283711,10862383
1644275,-1800077
-13980084,15152782
3606730,-1858844
4142928,-4111553
6213017,-6041261
3465840,-4497556
10619356,-11265786
-241797,286039
-14991889,14456950
3769679,-3895861
7393585,-8445810
6799075,-7674238
1369893,-621207
-2073046,1288859
-10324168,10329635
2117008,-1982540
-10687255,8909475
-8732254,10654206
-1948970,528234
-11091464,9431630
-6247750,8474487
-4610620,3733941
-18231172,16887760
-9801850,10972567
-8259681,9323117
8525405,-8136084
-7699602,6122458
-13319523,15271208
10778874,-9464700
8020022,-7607127
1951852,-3751325
-5247937,3292846
-8965552,9274454
-10026504,10566155
-4764823,6456735
12320895,-10432582
-3735353,6334910
-2622288,1323712
-17123480,16477219
7539652,-6139620
-4626114,3845363
-14030985,14304888
1673378,-720327
4839954,-4537604
6499235,-6205271
3316951,-3329720
3661848,-3186110
-9873047,10029847
7608967,-8231685
3419329,-4239059
6837935,-6661094
1383383,-2586117
-17352382,17633943
7436443,-7405410
8818304,-9518190
10175593,-9156719
-12841587,11367692
-17006513,18008754
4121442,-2871748
7356013,-7470722
-7025107,8697039
-2800839,706564
-10095088,10871549
4212194,-2832081
-12836379,12505250
4371574,-4095968
10888408,-8428151
-12592134,10508225
2464452,-4604008
5767075,-4845206
4083975,-2901857
-7063447,6179893
-8659365,7624681
-7014097,7487913
-11682492,13001845
-8434722,9878800
5609349,-7477157
-6326236,4316340
-3551770,4991338
1447001,-1342034
11426809,-11560122
-11820700,9984882
9559593,-9323205
-16644652,16071393
-16306823,16667866
-9056516,10337270
-15253274,16096723
1681538,-3005095
-2947350,1427263
-16320173,16932830
9274839,-8471757
-1010841,2915974
-9772877,7697310
4798243,-4848335
2234787,-1767059
-4320860,3279232
9122363,-9866946
5685945,-5695326
2197255,-582781
-13115382,13421400
4686566,-4877911
5426412,-6943999
281877,-333583
7509638,-5333579
-3523619,5039919
-16180211,16948152
8543121,-7113863
5807981,-5354767
2692076,-2486229
6780931,-6317727
-7606311,4407327
4738832,-3444778
-3629704,2686387
-4441373,6216513
6670218,-6034361
10529095,-8818549
-17736460,17988054
-9489959,6361791
8178204,-8330898
-2469377,2044287
8815757,-7818575
9741696,-7662841
3958718,-2675669
979349,-1438439
8981572,-7034323
-8737248,9547024
-3872565,6971132
-10898229,12751108
5548748,-2745724
1735283,-1953236
-7582764,9362421
-11463894,13489227
-363825,39687
-2947139,3996712
-8568705,7612656
9428171,-9117379
-12952506,13913354
6400351,-4936227
-13536518,13195066
-1816495,1600328
-8971516,9426204
9893992,-7639102
6194652,-8887328
8067365,-6873274
-849965,543729
11603217,-12014090
2780902,-1238332
9417384,-5592585
3136613,-2623597
-1194135,1507714
-1758809,4015529
6286706,-6979654
3036037,-4364478
-12160739,12325565
5786836,-6033638
8995980,-7993791
-10778511,9742391
-10381950,8920963
9074404,-7986497
-11878327,11111642
7408358,-8678073
-2189309,868880
9315086,-9582414
10348874,-8152441
-7308393,7687097
-10138099,10653152
6219823,-4461000
4678926,-5570594
-17270527,16144132
7872397,-7917660
-5016386,3824488
5388421,-3333383
11406837,-10788522
7254718,-7810404
-991322,2645676
9170115,-8783101
-2257690,690209
1240447,-1317573
9824730,-10535102
1337697,-1155797
6523779,-6635947
-1134186,413974
14581230,-12539332
2926425,-3948889
1654206,1266933
-3797809,3032842
8210215,-7304974
-7486737,8878012
2162012,-1609934
6511885,-6540902
4777008,-5936471
-1308041,855106
-6399382,4579743
7275783,-6492724
8695090,-8120925
10274650,-9090956
-15588985,13629088
-2002473,2214896
-9889718,9543594
5348406,-4729700
4458320,-4058061
-10925062,9017531
-4008445,5481825
1345770,-1198428
7600579,-8422985
3949917,-4465106
4314091,-4861335
1146934,-27872
-9304853,8646455
-6093823,4504840
9519412,-8604701
-717262,1310160
-3667957,3749835
-13737589,13447366
-14978939,14189433
1062158,-1522556
9396156,-8520006
8444457,-7375806
-703643,975164
3749514,-4409664
-9764611,8348064
-11725663,9789606
-633785,256451
-4193960,5492056
8891424,-8420515
11350983,-11378336
-1178924,-19021
-4684263,4604882
9311366,-8762556
-6307441,6558907
-7235357,4737588
6894958,-6809769
7639589,-8138997
3353081,-2363502
3730729,-4488270
-6599706,5735967
3719916,-3968175
-5257312,6084113
-3250928,2601218
-2749457,2382479
3885788,-4598540
8764967,-8266734
8141042,-8064078
8060781,-5979933
5784596,-4760228
114164,-1430872
6024593,-7350117
-5602697,8131972
1466037,-3016345
-7183089,7116541
8167322,-8056021
869455,-128556
-10323621,11471189
-12342077,13804985
9633825,-9907063
2285527,-5465202
10136017,-9444418
-14166521,13358341
6048659,-3177883
-13410181,13241427
-364667,-777791
10912378,-8454184
9623753,-8840359
-8277857,8428213
-10965232,10948991
8494939,-7156683
-2427336,5064049
3274313,-2803755
-439161,-60259
-3378592,4546226
9412513,-10747225
-12679082,10898167
2353702,-790840
-11631977,14036750
-225099,-1543051
6127003,-5601489
-13088370,11062336
-3094823,2377593
-7523612,8415125
-7448898,7932757
1681548,-3108391
4933989,-4229547
3042229,-1790693
4654876,-3265669
7815541,-6667830
-285568,4562334
-8988185,9536644
-16173762,16592435
-6559448,6722219
-10815524,9824944
12111365,-11461093
2657144,-4161239
7172935,-7584413
-6911718,4974602
7891382,-9075038
-7605896,9268057
19199011,-16388388
-2666532,1610418
-3804226,3831573
7530136,-7710508
8119902,-8566681
-3210765,2986211
5025743,-4099587
10860362,-10154784
-5905008,6783284
11166151,-10607659
-5448807,4697197
12375536,-11775200
-505197,-522284
-2613410,1807576
-8416210,9418051
4675702,-5667098
-8431161,6585932
-13132847,11123715
-12267875,11521808
-12074822,12349412
9018094,-8674604
-7023994,7630243
-4646682,4874704
6587194,-6570648
5169428,-4212101
3390576,-1928630
-4389075,6313575
-16214609,17244142
-11280270,12440416
-13994379,14380917
2691042,-2089563
9335060,-9749687
-14742756,13706633
12352378,-10267122
-6915731,6750609
-12789139,13082483
-9931220,9923298
-2848939,2761210
3274853,-1984233
7677848,-6395065
11138129,-8827576
2508047,-2016412
-123499,-221462
-12169928,12456331
1539638,-1924331
-12079572,10958054
-3647469,6694786
482118,298570
7061126,-5112547
5537670,-6303055
8533761,-8825104
3963369,-3813896
-10272849,9747342
-8761088,9526161
10910584,-9685606
9302676,-9064837
-11186168,9756630
8985734,-8844814
7171969,-6364534
2551848,-3635465
7098344,-6870248
-12293550,12285222
9391010,-8577298
8234295,-7683640
5975528,-5291285
-13229141,13739618
6406774,-6611028
7357981,-7653890
-13628513,13283434
-12560964,11010463
3171270,-3097682
-770030,355197
-14660033,14448619
-9025936,11620234
-704505,103486
-15462483,17372163
4220120,-2873091
3441954,-2824440
-5210487,4343891
-2667753,2105265
-448586,-117473
6711286,-6716477
-5868803,4544476
-2739322,1628793
6607276,-7261031
12136896,-12011031
4211606,-4396409
-8745659,7529199
-1495833,-432887
6811191,-5594521
-9663110,11695788
1860903,-1966349
3873145,-4876505
7060851,-6292271
4704277,-4113177
4612114,-4647154
-4609710,3779402
8068162,-8921229
5388506,-3390820
-9279544,10385997
-8777361,7117865
237467,-707408
-4714107,4111016
1218025,2300285
-8774486,9870973
-166760,356682
-8415224,8859536
7109556,-6802715
6882066,-5966568
5951941,-7233232
-14533997,15371371
5671235,-4102146
-762687,1889962
410685,-1469930
3171659,-3386827
2181124,-1035034
-10251858,11267924
-2411435,2379141
-7979616,8900001
7208868,-6829612
5022697,-4447141
2434141,-1335281
-1510115,1105086
-11153924,8255835
8364908,-8612985
-14105575,15336894
3087263,-3688878
-10269304,10421588
3453048,-3006829
8139905,-7942945
10889467,-10379547
-3837814,5643456
1442429,-2685214
7170978,-5836297
-7923110,5664862
-5273056,4542698
6024259,-6150106
9893357,-8860741
7464692,-8038223
1474821,-981113
-8193830,9619141
-6484544,8301223
1552660,-1605928
-222693,608581
-1263681,1832726
-8687798,9789986
1646912,-1954017
-10407884,9657370
13536130,-12386961
3567177,-4216306
7938128,-7392213
12194688,-11002371
6629237,-5763612
-5063807,5299578
-3545775,3412397
366241,285227
-12375229,10254645
11117425,-9236439
3382857,-3007124
9755223,-9573875
3121391,-1272949
-10642896,8941522
10629968,-9778748
5223666,-5547152
-8028629,8359162
5126964,-3916938
10095139,-8058587
-10116332,9772100
1690805,-1573751
3344917,-4094675
5069952,-3949030
4324623,-5799093
10840283,-8878693
8467327,-6869437
103757,882804
-11324296,9602169
1496180,-1706646
-10842979,11069943
-5180990,4482730
-14544365,14956729
-9077454,9835366
-3959105,3757723
3240249,-1479005
-1333118,-494556
7413500,-7773911
8777770,-6353223
7593561,-7934169
3796296,-2231566
-7047996,5876738
-8164628,8094432
6093507,-3937890
2983725,-2499290
-8110325,7217201
-9702735,6679196
10480904,-11018077
7502023,-6812095
7351887,-6518447
10085371,-8587798
-10434117,12554239
-11391960,10563400
-20300837,19110008
8561751,-8989150
-6718887,6018380
1167097,-2432362
6943575,-4544234
-638388,1595748
-14905344,15148330
-9203045,9342435
6191358,-7102756
2355689,-3329346
8022278,-8151596
8418268,-8561005
-12209968,13536633
3549729,-5117504
-10846512,11862990
8557500,-7569817
-16247460,15004101
5398342,-5874150
3114589,-1274154
10268586,-10223832
7628445,-6725376
3518004,-3037802
7630204,-7988599
-3081925,2744291
-2669757,2293321
-377652,-450299
-18721342,18526148
7691583,-7334105
6801421,-5958703
11424090,-12233496
7806246,-6109686
-11075301,11708652
4025856,-3593515
-19585960,21707890
-1988125,1607672
-2805244,2059089
-2620073,5891742
6288230,-4212775
-3338167,2086799
2203403,-3535548
-4844550,5956834
-21130267,20708016
9308265,-6945753
-7529261,7218644
493630,1101181
3191390,-4307508
-4475147,4392473
10085902,-8476887
6973057,-6128815
-870712,-231541
5113298,-4034712
2155278,-1316965
5521329,-4632208
-101961,268036
-905560,550794
-11942757,11312793
-4646111,2740111
2668054,-2074804
4457364,-6271981
1880517,-1264032
-14423339,14382547
-9033520,10243880
-4289654,5025666
3363452,-4971392
55855,238182
-14533977,17494843
-12952790,13180284
2765105,-3633111
6690924,-5830634
-5570957,5563909
6663523,-6521872
-1536837,24553
10742346,-9465666
-338751,146330
995701,-877154
-8787469,7306183
3249455,-3045066
6637524,-6236458
-7428202,5643554
442881,-248238
-4006565,3732660
-11531202,12580075
8404956,-8711489
1927867,-1729685
-13099647,13393157
4908786,-4270578
-7190782,7469982
-9083283,8342353
5853259,-4509847
6479602,-5823249
-10396635,11788722
-9404699,8347565
2591640,-3649221
400583,-708788
-9205449,9602486
18633386,-16353608
-13953568,14758773
4154783,-4032478
-13771811,14054808
5320917,-4461319
-14659692,13915166
-1516516,3235829
-13138451,14976092
3550326,-1874033
11073593,-9999955
328831,2768139
13403605,-12326101
-9683260,11361069
8641556,-7287588
-560198,210955
6596122,-7618675
-11315029,12458870
-3161796,3373966
-19346058,18692635
-3556961,4534922
-5194158,4841580
-19653101,17268342
8895158,-7988981
-9262155,8004798
-11137771,11355342
-15854932,15707988
-3198478,148727
9785053,-7744577
-764332,3216354
2120830,-1916202
13063528,-11013405
21211025,-19240416
-9355163,7509273
301148,-273378
-14563453,13840412
3325679,-3277697
-10888000,10961541
4834746,-4646325
4434366,-3185779
-18801447,19713634
6993613,-4972447
-13438291,14249606
-1553165,-317168
3908112,-3885452
5837443,-6006562
5658716,-5308538
-1573154,153629
-2298325,3836694
6080022,-6515654
3546932,-3283779
-7913066,6383573
5071670,-4053866
-7379504,7907215
892129,-791928
14292145,-13087783
-16028450,15946553
-14338045,13508614
-7254863,7146518
-8629222,7709319
-8639548,8318896
-1350057,-654002
-7399398,9913859
-8903328,7630532
9135039,-6938041
1304200,-3484032
-16680,-1812135
-3536696,2723757
-5357142,5232826
11707608,-9892620
8525033,-6942611
-8936598,9509317
10064601,-11087562
7658028,-7485126
-1735034,2836619
8611069,-9727873
-16385860,15969901
7817105,-7639216
-3898083,4256776
-13618993,11794670
-1383973,-657183
-3433218,2714854
7910200,-8876958
3955670,-5151863
4002324,-3212989
1538131,-2674584
11000742,-11602394
9537941,-9260527
-1880555,191782
6407178,-5140827
-4962809,4941828
6834996,-7239437
-7959128,9035758
5055503,-4238703
-2939725,2540505
-1264684,2921448
-11614299,12455159
-9849187,11301505
-16866451,16225890
1357932,-1340087
-8732558,9353496
8330745,-5504762
2952776,-3898265
3954890,-5253031
-8120981,7695459
9211316,-7828961
7425338,-6722275
-11646484,13038102
9358175,-9693397
-13455869,12164108
8323909,-8029723
7653662,-5483376
-7430356,7817999
-386015,-270443
8162029,-6579537
3346825,-1750285
1300788,-585140
11137868,-8604401
-10649238,10771350
-14622652,12165479
-9908873,8802006
8624139,-6365908
7366966,-7602217
9807206,-8296487
6252336,-5491301
-4670855,6446374
-15042732,15699593
6686871,-6528799
12270415,-11622607
-13701526,14686051
-2847107,2866483
-12764243,11875452
-10509825,11149155
6136320,-5203590
-6358416,5895065
4315328,-5193490
-434501,2635145
-1308396,-56645
3956393,-1766186
-4769891,3188206
733995,-2196447
-3034761,4494361
-14134730,13949657
3549405,-2586444
-6330510,4503276
-6022204,6363681
4704523,-4855308
-5298469,3311245
11007516,-10585459
-16012572,15061662
-5974007,3804351
4856445,-3701135
-197811,857165
5500839,-5669971
-12925227,12927688
6263044,-4098831
11607112,-10415329
-8371949,9514554
-11467855,13543470
-3697497,5963315
-11548249,13083298
-6624599,6894012
-903987,2007647
73079,1871507
-6392463,6042144
-559496,721562
526654,-1494491
-7021657,8674028
-10047730,12312838
-55822,-920384
3812457,-1703834
6814733,-5774130
-7468209,9754440
9487931,-8087010
2229097,-2010534
-7419042,6130796
-943517,-242717
8440148,-8192084
884194,-2212514
4784321,-5130780
4186231,-3967905
2672551,-4672804
-1284486,451905
12243756,-10367335
-13528717,13159150
-6213428,8439549
-5356524,7028823
7212213,-4614776
-15984412,16765580
-4343870,3594483
2046168,-1400011
6032420,-4431810
5076636,-4702226
5505376,-5521357
-9420006,8056430
-8710687,6371402
3143583,-5023146
-3383916,2712440
-13160683,13396397
3720902,-5168553
2816135,-4518769
4792198,-6562123
-13089905,14386073
-8416451,7336385
4183631,-4276638
-8376373,8283659
8592830,-8626544
17936254,-15324163
-49595,831768
-5950667,5502975
9954460,-7756101
11132171,-11724972
3602146,-2880075
-7782843,8353276
-4072222,2315355
-2167124,2310766
4576210,-6034692
2738547,-3318203
-4322479,3687776
-7172962,5472595
-13503790,14083385
-3430155,3393685
-7259292,7794680
-1357335,2458604
-13677846,13717012
3052154,-1980086
914733,-1556409
-757922,246834
5039428,-6267720
-6298317,6045071
-1530395,838029
-677010,573394
-8622203,8563121
-8681183,7764182
3597841,-4009310
4993132,-4611898
-3341048,2225804
-10170283,9264309
9494167,-8730598
4420222,-4716206
-3483144,2011306
5984426,-4747183
4032661,-4976084
-12131989,11731902
1183596,-2802926
5423424,-3534649
-5263274,5656320
8604646,-7688553
-10740434,11397154
-2306595,2900441
9258439,-8655681
-9708795,11667282
11611958,-11162507
6178041,-4993877
-10782359,12304024
-14546765,14763730
-222957,-1744342
-12843033,11246781
-18209522,19368549
-11232409,7966013
3973883,-5263746
-5849743,6864642
2729147,-2025227
10602414,-9995510
-8905227,8621879
5326800,-2781325
531565,-890735
-9216146,9837390
9763421,-7549350
2568216,-2297209
11907570,-9720618
10665282,-8547804
6726696,-6371425
-863771,361283
-3952342,4086021
1258663,-1225748
3229761,-3352638
-5577969,6776175
-14901735,15022743
-12405570,13900458
10560351,-9910066
5375806,-5425879
7280219,-7114038
-331767,971836
9766965,-8328666
6785831,-6798680
4442812,-5029529
-1188108,-542524
42936,-388192
-7219278,7136292
4816373,-4268891
5958460,-5076740
4850165,-4445019
-5026560,3259104
-5277953,4609670
5675309,-4929356
3847298,-3085535
4349212,-5157626
-833441,-1176558
-1973171,2603708
-3835186,3337690
13559092,-11433221
-15230564,16477820
11297321,-11404100
1507593,-1003607
3612233,-4076848
8394022,-7602689
317881,864730
4128862,-3960724
-4265417,3496201
790960,530028
-10238957,12003822
-1203214,-940847
-2898421,5981204
-2720227,2446667
-1242640,-524522
9479072,-9387947
-10822966,10552784
-9473468,9874893
7086207,-6695796
-8179964,9827381
494159,-175335
1572781,-840036
11000990,-9265761
-10407477,9528650
-8930741,9171380
-8420374,6288032
6972269,-7021881
-3461815,3117135
6379808,-4826881
-11458251,10066024
-10472259,11310851
-1803218,1791584
7054747,-5025069
-1334717,2571813
1172555,-713114
-6990274,6295478
558373,-850138
6514966,-6960467
-7055204,7200524
-4676962,3184916
-1475765,1714553
-4569946,4500645
-7838948,9610860
-3069455,1240272
-1068790,-355612
4792560,-5524239
-3324204,5755909
-5052433,4026644
12103020,-9166419
1980811,-928952
-2377073,2722527
-14395927,14368411
-191703,1309590
-644320,114096
5516946,-6688932
-7571407,7060035
8235279,-8283521
8411957,-7077248
-3325822,2389644
11557356,-10800736
-7492043,7368992
312122,-1033838
3133152,-1005872
-2430744,4401830
-2054753,717877
-12058951,11855904
4554768,-5204019
4579456,-5229700
2592935,-1708882
-414033,943830
5744700,-5817738
6465482,-6565898
1804340,-1257068
7658588,-6173592
-4869948,3279001
-430215,610538
4562883,-5187977
12394991,-11722678
-14368387,14126342
-1182631,3094395
-10936057,13705169
10355033,-8474836
-2519286,476955
6142526,-6879288
6204377,-5121244
-215609,-1150694
10302161,-9035256
-4632917,3620450
2378244,-1765208
-5533226,6229764
4257218,-4004388
241557,-1703473
-10370451,10726980
12261898,-10758747
-5552171,5850046
-112681,-2407803
5760242,-6685399
-5540279,7488872
6181589,-4913273
-7729138,8864891
5496900,-5785659
8820762,-7700057
4340853,-3635241
9761566,-7630161
-12451772,12461087
14016063,-11865260
-14536452,14267823
-7406370,8986251
7339113,-7483115
7650765,-7915177
10744176,-10845508
7416787,-7258925
9926689,-9876365
9759346,-7268361
393814,1601962
7600868,-6265533
9617282,-7042459
-11846415,13300035
3791077,-2765422
-11625878,10604871
-14781506,14372430
-6385320,6351833
4922285,-5508729
-1633157,2247691
-3563224,5556848
429632,-378582
-7512554,9145895
-17214224,18131718
-11212668,11466759
5427077,-3711841
2647338,-2335550
4753906,-3443375
10618762,-9367279
-10140233,10755869
1254927,-2151334
6876719,-7686653
-14066910,14531723
3933402,-3994796
-8750421,9015429
5036845,-4888446
7593805,-7343501
2857916,-2966203
-8543378,4786131
2563320,-2260694
294593,-1019085
8739638,-7615238
9451062,-10391700
1322454,-796116
6023893,-6578107
-278022,200114
14470610,-13535437
-14462162,16883453
-5533763,6484807
7039984,-6647238
-9466443,12881837
-3142548,3080611
7521052,-7223019
5463674,-5475682
-7548253,4728372
-9971263,10587581
5878872,-5312895
-7010818,6246470
2815276,-3421667
7169351,-5733224
12670784,-12736390
-5891491,4515319
-18461029,19153625
11305359,-10336808
-9935406,9224735
2468055,-2561280
9991267,-10696736
-8000518,7520099
-15062649,14699118
971403,-157565
1406685,-2930391
-10125057,10230287
7842363,-7378860
8967841,-8529321
-13143792,12314903
-9394755,9727118
409044,1671185
-9673917,10975233
4882075,-5074356
-16821458,16982811
-3559222,2444909
4684400,-6199891
6143224,-5752420
6941958,-7042532
7882174,-6496346
3781189,-4123465
-6172069,6327789
2451146,-4361143
-16182000,16396150
2778143,-3517215
10134658,-9934993
-114739,-697366
8950367,-9065217
9515021,-9383977
10111745,-9707271
-7574442,8100520
-2402254,990181
5641604,-4418682
4997010,-3797522
-9741394,9132933
2168287,-715062
2918959,-1138009
8232504,-7243887
10809195,-9893613
11106302,-10372601
-968975,1229160
9832967,-10162623
10325951,-9227877
-10967081,10014474
-8027550,8310831
6604677,-5910229
2547309,-976221
5349194,-5966052
6985497,-8085743
13854637,-12463113
5092518,-3780448
-15188656,14969994
3748427,-4717305
156722,-723893
-12293332,10635508
2076117,-1508034
6579758,-6185486
-6122966,9753322
-3003866,3386717
-7855758,9060267
-4455760,7695656
-17805616,16363525
3718975,-4015806
10402238,-8593136
3013216,-4846237
-4440205,3784405
-1367232,-333584
-8762321,7649608
11010611,-8537744
-3244435,3577469
3238284,-2354084
-9416038,8903528
6727312,-6294157
-8590518,8816486
-4008285,4419035
-11045559,12988234
-4033695,2786183
-9906527,10446610
-8051265,7649723
-8004286,8273813
5735795,-4334061
4401406,-4633123
368660,-1208962
-15196470,14730527
3982429,-4062735
1083745,-1200514
-8285465,10516605
-11929073,10916183
-5740586,7135678
-3904763,2000748
-3210540,4283771
-8373436,10022901
1238375,-1012455
5217402,-4776114
5945154,-5488675
-3094875,2102411
-859438,-1268674
-13254968,11405025
-3294822,999167
6975216,-6568827
1474367,-2598854
7041888,-7342545
6085020,-6272882
-4752237,1127464
1572899,-1369929
114852,-1160842
-5807264,3643132
-3992594,3803906
136739,-2015348
-3284149,2825128
6773776,-4774773
10308651,-10044316
1467674,-1430411
-5233152,3737761
-17135912,17115743
6023224,-6170120
-8363142,7192578
-2095490,2027690
-1258204,-196685
7298314,-5019644
-8029036,6250585
5828738,-5247538
-460032,-37898
-3011722,3822952
5998406,-4725760
10281161,-8228377
-12649838,12961107
-4162701,3568222
6090351,-5956852
2482346,-2794893
9753461,-9659715
-16618062,15796123
10688523,-9765617
6590914,-6503951
-5829816,6372002
-5880908,5051183
6368074,-6972429
5486686,-4418480
-8648570,7740643
-112615,1107976
6434709,-4906062
9363767,-8797546
5180606,-5168500
-2902221,2328344
-15376843,15225491
-12224801,12143363
3027621,-4023313
1898440,-3273321
7390024,-5414131
-10934678,11571338
-4962080,4766264
10266140,-10017848
11686185,-11182713
-9399774,9213542
-12058872,10415472
12112121,-11375728
1757957,-1411905
-1053076,217307
-6060960,5333964
15055141,-14371842
-608556,-220455
1525143,-1456452
-1761550,3025689
-6909179,7759045
833333,-1435838
-5485968,6331479
8460997,-7758486
-6556446,7196723
9746786,-9948808
-9770348,9213253
6082453,-6724505
6582670,-6757818
10278754,-8134206
6154130,-6924411
3110953,-2637604
7858541,-7590992
3175626,-3383224
-8024756,6139547
-11103542,9599417
4621923,-3957942
-12155647,13085955
-11768640,13408547
-14630862,15112703
6181145,-5237011
3609340,-3091850
-2541744,603054
-7890429,8335982
576360,-725239
-342713,-1595646
9084308,-8724227
-5019966,3612055
-1388535,-240041
11042274,-10017431
4911062,-4403364
7085513,-7882572
8123161,-7727353
5882974,-5111763
6296072,-5886243
6267955,-6368327
-4937946,5968508
-9094984,9666723
5875329,-4055448
-1423858,837132
9928067,-9495740
6137758,-6360050
1044078,-510919
2244971,-2101532
-1186125,1249823
2552766,-2196459
8969613,-7249957
-6601286,8036475
-4019659,3082956
3883509,-2468238
-9228102,9203581
3261584,-1418803
2822291,-4625857
-4914744,4823141
-9904911,9921138
-3172109,1319482
-1620322,3404159
8891959,-7755179
2913332,-4324192
-4026262,4916521
996469,-2228619
2441053,-4015750
-9032700,6573921
-5550127,7103952
-6494701,8230070
-7386219,4603196
-6564221,7880783
10668132,-11341190
4347540,-4072938
941617,-2252884
-10764544,9842574
3720722,-4250361
-9980015,8797680
9357865,-7440092
-4341051,5897103
9447671,-8390825
-9744807,11969716
8520029,-7818093
6286086,-4921495
4210573,-4305126
-8062760,8199841
6356461,-5433014
-8549032,11204744
16077173,-14551567
5284904,-4527031
8801314,-8004283
-7361069,5767892
-4859248,3530875
6022842,-6538955
9160562,-9742341
1171850,1010002
5755665,-5505358
520841,2910264
-9998126,7835670
3724159,-5268789
7311844,-5925452
-7426372,5945460
-7980636,6555244
-8830425,8832732
2205055,-1498453
9817025,-8572935
-3728917,4511720
-8543195,10341253
-16542435,16123556
15793933,-13425428
4579308,-4865257
-10593899,12460649
16029453,-13958200
5141504,-3734713
-4642196,4445915
8383704,-5671656
9188926,-5880280
-380103,-1645520
3954371,-1172823
-6734362,5340467
15530926,-13734056
7722951,-6386365
-1476754,-71405
-403732,1630372
5379609,-5842993
4250032,-4913659
7282946,-6588935
-9855453,7522348
-9178111,11471536
-11004168,11158787
-8880881,9962853
6649331,-3782719
683333,1226048
-14105215,12294203
9720250,-9038477
837111,-469573
9627503,-8408231
9995080,-10356044
9263578,-7761358
9085779,-8955539
-12386100,12390910
-5309631,5471150
-11007442,11458648
2146103,-2257619
2982177,-6149329
901319,-1213794
3624173,-3365361
3451195,-3352152
1472495,-1849879
-4909581,4414576
9484962,-7649720
1915866,-2500484
-10547641,10534478
558621,-524516
-9955417,8901663
-3480308,3927454
-8389711,7529541
-14014901,13078424
-885728,1638442
7900631,-6046909
-14633184,13281453
-10654466,10420013
-17642893,17811288
-298453,299735
6497725,-5238004
1604837,-576368
-15243528,15705316
7430295,-7039761
-15722759,14425086
-1698157,2451076
9963716,-9092222
920627,-39631
-1046434,917717
5939098,-5316385
5631621,-5078245
-3454298,5270842
-2587739,3315658
-18733731,16975784
-10451522,10602943
-10740205,10500220
-3451785,4616269
8000970,-5235322
-1227255,308191
-345651,520013
9263819,-9479698
392585,1092629
3585494,-4369157
-3377560,3598644
-2735071,3411347
2378005,-2372990
8393487,-8419113
13629397,-12201095
-8550025,9421168
7142462,-6541762
-2847138,3359175
6128792,-3598633
-5641115,7091525
-2676093,1993431
-4573042,2937565
-473413,546329
8907200,-6726420
9832622,-8914979
-1271391,211929
-4978470,5137947
11792182,-11378751
8644131,-6669366
-9580713,11302496
3706545,-2870745
6216967,-3658856
8777711,-7968951
-104572,-748755
5264643,-4882669
7667488,-8909156
5880657,-5028125
2322832,-1602480
-6277992,6657341
-13479897,12137468
-8933498,11239842
8311693,-8304135
-4008647,1328161
7101187,-8916586
8302039,-7643974
-11694352,10733025
7879417,-7908641
7209164,-7111549
4856753,-5035688
-2030618,2326889
2242390,-3931582
7929286,-6206690
4104262,-3654375
5572029,-3182766
-4160769,2262649
5594695,-5339139
788227,-526302
8505057,-7757296
2276987,-1703871
-17109416,16914869
4706336,-3950667
4764821,-3779860
-13604413,14195348
-6368515,6561294
7858080,-6340164
6945138,-5560800
7503455,-6950111
6288977,-7477159
-6554020,8540074
-4778463,5072737
